Formula,Band gap
As4O8,3.232
Ca4As4,0.998
In2Se2,1.63
Sc4S6,1.515
V2O5,1.356
Zr2Te10,0.191
Al2MgSe4,1.064
Cr2Br2O2,0.501
Hf2Ge2Te8,0.565
In4I4Te4,1.732
Li2Cl2O4,3.347
Na2H2O2,2.802
Nb2Br4Se4,1.096
Nb3Cl7Te,0.772
Pd2O6Se2,1.12
Pt4Tl2Te6,0.663
Sc4I4O4,1.792
Ta3I7Te,0.643
W2O12Sb4,1.745
Zr2Cl2N2,1.923
In2Se2,1.321
Cu4Cl4H4O4,0.403
HfNa2H6O6,4.113
Li6H2O8Te2,4.037
Na2PtH6O6,2.835
Sn2F2O6P2,3.985
Na2C2H6N8O2,4.819
Ag2Se2,0.75
Al2Se2,1.997
Au2I2,0.781
Co2Br2,0.065
In2Br2,2.054
Cu2Cl2,1.447
Rb2Cl2,4.651
Ti2Cl2,0.013
Co2I2,0.037
F2Ge2,0.118
F2Si2,0.666
Ga2Te2,1.297
GeTe,1.474
Hf2Se2,0.043
Hg2Te2,0.026
I2Sb2,0.586
Ir2Se2,0.305
Pt2O2,0.432
Pb2S2,0.422
Sn2S2,1.414
BaCl2,5.618
CaCl2,4.771
CdCl2,3.616
CoBr2,0.174
Co4S8,0.322
GeO2,1.457
HfTe2,0.132
HgO2,0.504
MnBr2,1.775
NiI2,0.106
Ni2Te4,0.921
Ti2O4,2.855
Os2Te4,0.713
PbTe2,0.125
PdS2,1.171
I2Sb,0.019
SnS2,1.587
SrCl2,5.267
ZrSe2,1.446
SrF2O2,2.862
Au2MoS4,0.801
Cu2WS4,1.534
Ag2ReBr6,0.562
Al2Br6,3.897
Au2Cl6,0.208
W2Cl6,0.487
Cu2Br6,0.107
Ga2Cl6,2.524
In2Cl6,2.863
Mn2Cl6,0.039
Tl2Cl6,2.425
HfTi3Te8,0.052
TiZr3Te8,0.189
Al2Br2Se2,1.535
AsBrTe,1.237
AsIS,1.336
Bi2Cl2S2,0.943
BiIS,0.401
In2Br2O2,2.29
Sc2Br2Se2,1.51
Cl2Ge2N2,1.851
ZrClI,0.877
ClSbSe,1.172
Hf2I2N2,1.585
ISbSe,1.012
ZrSSe,0.613
Ag2I2Te4,1.025
Co2H2S4,0.364
Al2P2Se6,0.602
Cr2P2Se6,0.431
Hg2P2Se6,0.606
Rh2P2Se6,0.032
Ta2P2Te6,0.179
Mo2W2Te8,0.862
HfMnF6,0.697
P2,1.929
As4S6,2.272
Mo2Cl6,0.639
V4O10,2.062
Ca2Sn4F12,3.924
Li2H4N2,2.805
Nb2Cl4Se4,1.08
Nb2Cl4S4,1.61
Ni2Ta4Se10,0.032
Sn2O6P2,0.699
W2H4O8,0.726
Zr2I2N2,0.284
Ba4F4Sb4Se8,1.386
Co2Br4O6Sb4,0.831
Cu4F4H4O4,0.384
InNaI4O12,2.81
Mg2Mo2O12Te2,3.167
Sn2H2O6P2,4.3
NiC4H8N2O4,1.326
Sn2,0.065
Al2Se2,2.138
Au2I2,0.829
BN,4.667
In2Br2,1.338
Sn2Br2,0.035
Cu2Cl2,1.228
Tl2Cl2,2.659
Pb2F2,0.122
Sn2F2,0.316
Fe2I2,0.011
H2Si2,2.171
HgTe,0.153
Ir2Se2,0.073
Pb2S2,0.17
Sn2S2,0.067
Tl2S2,0.628
BaCl2,4.747
CaCl2,5.53
CdF2,3.791
CoCl2,0.168
CrTe2,0.453
Ge2S4,0.284
HgBr2,1.982
MnCl2,1.713
Mo2S4,0.051
MoTe2,0.932
Os2O4,0.169
Os2Te4,0.117
PbO2,0.047
PtCl2,0.403
Pt2Se4,1.441
SnS2,0.763
SrF2,6.021
SrH2O2,3.702
ScO2,1.464
SnBr2,1.27
TiBr2,0.758
TiO2,2.701
VSe2,0.248
Zn2Te4,0.959
ZrSe2,0.337
Au2MoSe4,0.592
Cu2WSe4,1.235
Ag2ReCl6,0.778
Al2Br6,2.504
Co2Br6,0.027
W2Cl6,0.706
Cu2Cl6,0.426
Ga2I6,1.153
In2Cl6,3.761
Pb2Se6,0.578
Sc2Br6,2.975
Tl2Cl6,1.683
HfZr3S8,1.154
Cr3WS8,0.863
AsBrTe,1.064
AsIS,0.222
BiClS,1.43
BiIS,0.777
TiBrCl,0.83
Cr2Br2S2,0.455
In2Br2S2,1.908
Tl2Br2O2,1.013
BrSSb,1.426
CrClI,0.022
Zr2Cl2N2,1.849
Rh2Cl2S2,0.011
ClSbSe,1.674
ISbTe,1.011
ZrSSe,0.829
VSeTe,0.12
Au2Br2Se4,0.841
Cu2I2S4,0.854
Hg2P2Te6,0.363
Rh2P2Te6,0.108
Cr2Mo2S8,1.014
Ti2Zr2S8,0.845
HfMnI6,1.359
As4S6,2.255
Cr2F4,1.396
In2Te4,0.487
P8Si4,1.539
V4O8,0.304
Ag2Au2Cl8,0.909
Ca2Cl4O8,2.819
Cu2O6Si2,0.425
Cu2Hg2Cl2Se2,0.833
Hf2Br2N2,1.955
Mn2P2S6,0.108
Nb4Ge2Te8,0.416
NiPS3,0.075
Sn2O8S2,4.382
Tl2O6Sb2,2.828
BeH4O4P2,5.994
InLiI4O12,2.788
Na2B2H8O8,4.681
V2F2O7Te2,1.013
NiC6Cl2H4N2,0.858
BP,0.898
Bi2S2,0.309
Ag2Te2,0.477
Tl2Cl2,3.629
Pd2F2,0.865
Fe2I2,0.013
Sn2H2,0.236
In2I2,1.787
Zn2I2,2.091
In2Se2,1.404
Pb2S2,1.162
SnS,2.289
BaCl2,5.192
CaCl2,5.784
CdI2,1.49
CoCl2,0.351
GeS2,1.344
Hf2Br4,0.852
HfO2,1.928
HgBr2,2.007
Ir4S8,0.692
MnCl2,1.797
Mo2S4,0.133
PbO2,1.125
PdBr2,0.198
PtF2,0.02
SnBr2,2.499
RuI2,1.022
Sn2Se4,0.476
SrI2,3.916
TiO2,1.195
ZnBr2,3.272
Zr2I4,0.423
ZrSe2,0.739
SrH2S2,3.805
Au2MoTe4,0.217
Cu2WTe4,0.654
Ag2ReF6,1.024
Al2Cl6,3.842
Au2I6,0.012
Co2Br6,0.962
In2I6,1.597
Mn2I6,0.012
Pb2Te6,0.268
Re2Br6,0.135
Sc2Br6,2.64
Tl2I6,0.772
W2I6,0.223
HfZr3Se8,0.824
Cr3WSe8,0.677
Al2Cl2O2,5.729
AsClS,1.731
AsISe,1.151
BiClS,1.002
Bi2I2Se2,0.706
Cr2Br2Se2,0.179
HfBrI,0.713
In2Br2Se2,1.23
BrSSb,1.217
In2Cl2O2,2.607
ClSbTe,1.394
Tl2I2O2,0.312
ISbTe,0.838
MoOS,1.06
Au2Br2Te4,1.013
Cu2I2Se4,0.791
OsBr2,1.157
In2P2S6,0.839
Os2P2S6,0.038
Ru2P2S6,0.326
Cr2Mo2Se8,0.819
Ti2Zr2Se8,0.623
HfNiBr6,1.355
Ag2C8N6,3.412
As4Se6,1.735
Pb2O2,2.406
Sn2O2,2.493
BaF12Sb2,4.966
Ca2CoO3,0.048
Cr2Ta4O12,0.205
CuV2O6,0.195
Hf2Cl2N2,2.33
Nb4I2Te12,0.673
Pd3P2S8,1.75
Rb2Br2F8,3.487
Y2Cl2O4,0.367
Na2C2N2S2,4.121
Ag2Cr2P4S12,0.997
BiCuP2Se6,1.009
Co2H4O8Se2,0.476
Cu4Li2V2O12,0.091
K2C4H6O6,4.672
V2H4O10Se2,0.892
Rb2C2F6O6S2,5.749
Hf2Te2,0.04
Al2Te2,1.955
Au2O2,0.174
BSb,0.314
Cs2Br2,4.08
In2I2,0.988
Zr2Br2,0.045
Ga2I2,1.786
Ge2H2,0.92
PbS,1.82
Zr2S2,0.132
Sc2Te2,0.291
Ti2Se2,0.041
PbO2,1.346
BaF2,5.655
CaF2,6.451
CdI2,2.136
BaI2,3.332
FeBr2,0.263
Fe2S4,0.654
Pd2Se4,1.313
GeS2,0.729
HfO2,4.477
HgBr2,1.573
MnCl2,2.025
Rh2Br4,0.089
Ru2Te4,0.642
VI2,1.202
ScS2,0.718
SnBr2,2.097
SnSe2,0.762
SrI2,3.418
TiO2,3.481
WS2,1.534
YBr2,0.344
ZnBr2,2.411
ZrTe2,0.788
RuH2O2,0.506
Bi2S2Te,0.021
Cu2MoO4,2.453
Ag2ReI6,0.169
Al2Cl6,5.487
Co2Cl6,0.01
In2I6,0.657
Sc2Cl6,3.233
Tl2I6,0.092
W2I6,0.705
Zr2O6,3.586
HfZr3Te8,0.213
Cr3WTe8,0.443
Al2Cl2S2,2.334
AsClS,1.535
AsISe,0.446
Bi2Cl2Se2,0.636
BiISe,0.433
Pt2Br2N2,0.118
Sc2Br2S2,2.13
Cr2Cl2O2,0.647
In2Cl2S2,1.797
ClSbTe,1.255
Ga2I2O2,1.001
In2I2O2,1.191
ISSb,0.794
Sc2I2Se2,1.393
MoOSe,0.752
WSeTe,1.037
Au2Cl2Te4,0.981
Cu2I2Te4,0.836
Ru2P2Se6,0.1
Cr2Mo2Te8,0.556
Ti2Zr2Te8,0.117
HfNiCl6,1.62
Au2Br2,1.985
Pb4O4,2.614
Sn2O2,3.02
V4O10,2.033
Hf2I2N2,0.545
Ag2Br2,1.724
FeGa2S4,0.862
Ir2Nb2Te8,0.047
Li4CO4,3.421
Mn2P2Se6,0.1
Nb3Br7S,0.81
Nb4Si2Te8,0.521
Pd2I4O12,1.034
Re2ZnO8,3.966
Y2Cl2O2,4.395
AgGaP2Se6,0.91
Bi2Cd2Cl2O4,2.845
Cr2Cu2P4S12,1.078
Fe2Mo2Cl2O8,0.951
Mn2Mo2O12Te2,1.546
Zn2H8N4Te2,1.822
Cs2C2F6O6S2,5.633
Sn2C2H6O6P2,4.034
Hf3N2O2,0.32
Cu2Br2,1.522
K2Br2,4.374
C2F2,3.165
Ga2Cl2,2.396
In2Te2,1.145
Ir2Se2,0.134
Cu2S2,0.624
In2F2,1.335
GaN,1.877
Pb2Se2,0.478
Sb2Se2,0.438
Se2Si2,1.195
Tl2Se2,0.449
Zn2Se2,1.621
BaI2,3.873
CaI2,2.946
CdI2,2.335
CoF2,0.302
FeBr2,0.733
Br2Ge,1.302
HfBr2,0.732
HfO2,4.777
HgCl2,2.447
Al2Te2,1.748
OsO2,0.265
Pb2S4,1.083
PdSe2,0.229
PtSe2,1.167
Re4S8,1.272
Ru2O4,0.045
Ru2Te4,0.157
ScBr2,0.157
SnCl2,2.745
SrI2,3.984
Ti2Cl4,0.32
TiS2,1.266
Tl2Cl4,1.909
ZnBr2,3.353
ZrI2,0.687
GeH2O2,1.121
Bi2SSe2,0.354
Bi2Se2Te,0.111
Cu2MoSe4,0.895
Au2ReF6,0.182
Al2I6,0.799
Bi2Br6,1.954
Co2Cl6,1.13
Ir2Br6,0.026
Mo2Cl6,0.507
Sc2Cl6,3.922
Zr2S6,1.182
Cr3MoS8,0.899
Mo3WS8,1.559
Al2Cl2Se2,1.416
AsClSe,1.373
AsITe,0.329
Bi2Br2O2,1.431
BiClSe,1.235
BiISe,0.607
VBrCl,1.289
Hf2Br2N2,2.064
Ir2Br2O2,0.295
Ti4Br4Se4,0.063
Cr2Cl2S2,0.46
In2Cl2Se2,1.067
Tl2Cl2O2,1.03
Sc2Cl2Se2,1.409
Li2F2O2,2.912
Ga2I2S2,0.833
In2I2S2,1.539
ISSb,1.219
MoOTe,0.177
WOS,1.503
TiSTe,0.093
Au2I2Se4,0.715
Ru2P2Te6,0.2
Au2S2,1.216
Cr2W2S8,0.941
HfNiI6,0.862
Al8Te12,1.775
Ga2Se2,0.697
Nb3I7Te,0.565
K2C4,0.374
Nb3Br8,0.293
Pb2Br4,2.239
Sn2O2,0.014
As2O8Sb2,3.383
Ca4O12Te4,3.969
CrHO2,0.092
Cu4Cl4O4,0.313
Hg2GeO4,2.596
Ir2Ta2Te8,0.047
MnF12Sb2,1.742
NiRe2O8,1.575
Pd2O6Se2,0.636
Re6Cl2Se8,1.194
Sr2Br2H2,4.354
Zn2As4O8,3.605
Ag2Br2,1.834
AgInP2S6,1.317
CsC2I3N2,2.286
K2C6H6O6,2.647
Mn2Br2S4Sb2,0.124
H4O10Si4,5.471
Zn2Cl4O6Sb4,3.264
Cs2F2H6O6P2,5.59
Zr3C2F2S2,0.02
AlAs,1.237
S3Sb2,0.599
Bi2Se2,0.348
Cu2Br2,1.496
Rb2Br2,4.18
Cd2S2,1.786
Cu2Se2,0.447
Rb2F2,4.557
Ga2O2,1.556
V2S2,0.214
Tl2Se2,0.494
CaI2,3.975
CdO2,0.141
CrS2,0.877
Br2Ge,2.536
HfS2,1.061
HgCl2,2.084
MoS2,1.58
NiO2,1.281
OsBr2,0.095
Os2S4,0.111
PbBr2,2.004
PbS2,1.39
Pt2Te4,1.309
SnCl2,1.453
SnSe2,0.86
TiS2,0.734
ZnCl2,4.213
ZrTe2,0.259
HfH2O2,0.413
Bi2STe2,0.158
S2Sb2Te,0.803
Cu2MoTe4,0.378
Cu2ReBr6,0.085
Al2I6,2.093
Bi2Br6,1.743
Co2I6,0.526
Fe2Br6,0.043
Ir2Br6,1.567
Mo2I6,0.977
Sc2I6,1.851
Ti2Br6,0.17
Zr2Se6,0.41
Cr3MoSe8,0.707
Mo3WSe8,1.3
Al2I2O2,2.219
AsClSe,1.717
AsITe,0.982
Bi2Br2S2,0.969
BiClSe,0.851
K2I2,3.885
BiITe,0.412
Ir2Br2S2,0.344
Cr2Cl2Se2,0.176
HfClI,0.814
ClSSb,1.669
Li2F2S2,1.69
Ga2I2Se2,0.822
In2I2Se2,1.264
Sc2I2S2,1.662
WOSe,1.244
Au2I2Te4,0.711
Bi2P2S6,0.655
Fe2P2Te6,0.126
Ir2P2S6,0.057
Pb2P2S6,1.365
P2Sb2Se6,0.974
Cr2W2Se8,0.759
CoHfF6,0.827
MnZrBr6,1.643
CuBr,1.024
Nb3I8,0.193
Pd2Cl4,0.866
Ga2NiS4,0.17
Ag8C4N8,1.61
As4O12S2,4.456
Cr2Cu2O8,0.12
Cu4O12Te2,0.449
As2,1.483
Hg3B2O6,3.522
Li4O8Sb4,3.248
MnRe2O8,1.565
Na2Nb2Cl12,2.287
Nb2Br4O2,1.038
Ni2As2O7,0.452
O14S2Te4,3.194
Pd4Tl2Se6,0.834
Rh2Cl2Te2,1.038
Sr2F2I2,4.219
ZnC4N6,5.039
AgInP2Se6,0.863
Fe2W2Cl2O8,1.085
K2C2H2O6,4.463
Mn2Br2Sb2Se4,0.265
Zn2H4O8Se2,4.452
Cu2Br2C4H4N2,0.69
Zr3C2O2,0.382
Sb2Se3,0.421
Ag2Cl2,2.0
AsB,0.757
Re2Br2,0.1
C2H2,3.46
GeO,2.133
Ta2I2,0.046
InN,0.616
In2Te2,1.233
Rh2O2,0.067
BaI2,3.958
Pb2Se2,0.05
S2Sb2,0.362
Sb2Se2,0.237
Sn2Se2,0.084
Ti2Te2,0.217
CaI2,3.537
Cd2S4,1.52
Br2Ge,2.301
Hf2Cl4,0.843
HfS2,2.094
HgCl2,2.468
HgSe2,0.03
YCl2,0.374
MnI2,1.048
Nb4O8,0.459
OsBr2,0.042
Os2S4,0.53
PbBr2,1.661
PbS2,0.672
PdCl2,0.463
PdSe2,0.558
SnCl2,2.324
TiCl2,0.903
TiS2,0.022
VTe2,0.212
W2Se4,0.032
ZnCl2,4.453
HgH2O2,0.772
NiH2O2,1.078
SSb2Se2,0.466
Sb2Se2Te,0.573
Ag2WO4,1.95
Cu2ReCl6,0.467
As2Br6,2.477
Fe2Br6,0.042
Ir2Cl6,1.823
Os2Cl6,0.063
Re2I6,0.141
Sc2I6,1.863
Y2Br6,3.496
Cr3MoTe8,0.467
Mo3WTe8,0.9
Al2I2S2,1.615
AsClTe,1.479
BiBrS,1.188
BiClTe,0.599
BiITe,0.346
TiBrI,0.679
Ir2Br2Se2,0.052
Hf2Cl2N2,2.101
Ir2Cl2O2,0.444
Pt2Cl2N2,0.354
ClSSb,1.316
Na2F2O2,2.813
MoSSe,1.453
WOTe,0.537
ZrSeTe,0.262
Cu2Br2S4,0.934
Bi2P2Se6,0.69
Ir2P2Se6,0.064
Pb2P2Se6,0.971
P2Sb2Te6,0.508
Cr2W2Te8,0.497
CoZrBr6,0.388
MnZrCl6,0.312
Al2O4,0.017
Bi2In2,0.037
Cu2F4,0.825
As2O6Sb2,3.974
Bi4B4O12,2.865
Cr2Ge2Te6,0.125
Cu4O12Te4,0.043
Hg2V2O6,2.182
Mo2O10P2,1.04
Na4O8S4,2.385
Nb2I2O4,1.188
O4S8Sb8,1.879
Rh2Ta2Te8,0.076
Sr2H8O6,4.396
V2O10P2,1.566
Zn2Ge2O6,2.745
AgScP2S6,2.017
BiHO6Se2,3.007
Cs2C6N6Se6,1.932
Na2SnH6O6,3.937
ZnB2C8N8,5.164
CuC6H4N6O2,0.818
As4,0.835
Sb2Te3,0.337
Ag2Cl2,1.569
AlN,2.893
Bi2Se2,0.161
Ti2Br2,0.019
Cd2Se2,1.402
K2F2,4.964
V2F2,0.031
GaP,1.583
Rb2I2,3.714
In2O2,0.385
Ir2O2,0.122
Pb2Se2,0.789
Sn2Se2,0.923
Ti2Te2,0.11
Fe2Se4,0.575
CdS2,1.359
FeCl2,0.351
Cl2Ge,1.373
GeSe2,0.564
HfS2,1.221
HgF2,2.089
In2S4,0.41
PbCl2,2.775
MgBr2,4.588
MnI2,0.877
Ni2S4,0.824
OsCl2,1.33
PbBr2,2.275
PbS2,0.755
PdF2,0.027
Pd2Te4,1.212
PtTe2,0.303
HgH2S2,2.352
Rh2Cl4,0.413
Rh4S8,0.597
Cu2ReF6,0.872
ScCl2,0.107
ScSe2,0.56
SnF2,1.641
Bi2Cl6,2.181
W2Se4,0.032
ZnCl2,3.434
Zr2Br4,0.58
ZrO2,1.69
Sc2CF2,1.02
Bi2OS2,0.566
SSb2Te2,0.474
Ag2WS4,1.38
AsClTe,1.289
Fe2Cl6,0.375
Ir2Cl6,0.267
Pd2I6,0.03
Re2I6,0.134
Ru2Se6,0.243
Ti2Cl6,0.121
V2Cl6,0.023
Y2Br6,4.087
CrMo3S8,1.184
MoW3S8,1.532
Hf3ZrS8,1.149
Al2I2Se2,1.493
BiBrS,0.891
BiClTe,0.531
ZrBrCl,0.912
Sn2Br2N2,1.366
Ir2Cl2S2,0.355
Sc2Cl2S2,2.109
Cr2I2S2,0.331
Na2F2S2,1.846
HfSSe,0.684
MoSTe,0.204
Ag2Br2S4,1.167
Cu2Br2Se4,0.836
Bi2P2Te6,0.393
Ga2P2Te6,0.285
Ir2P2Te6,0.225
Pb2P2Te6,0.671
Sc2P2S6,0.827
Hf2Ti2S8,0.91
FeHfBr6,0.938
MnZrF6,0.66
Nb4S12,0.376
Pd4I8,1.069
AgSnF6,0.602
As2O8P2,4.367
Bi2Cu2S4,0.136
Cd2Mn3O8,1.102
Cr2Si2Te6,0.272
Cu2S4Sb2,0.357
Ga2Cl2Te2,2.163
Hg2K4Cl8,3.33
K2C2O6,1.05
Bi2Br2,0.867
Na2Ta2Cl12,2.792
Nb2I4O2,1.024
O8P2Sb2,4.374
Pd4P4S4,1.195
Sr2O12P4,5.087
PtO2,1.674
V4F12O4,3.465
Zn2O6Si2,3.402
AgScP2Se6,1.634
Ca2Cl4H8O4,5.714
K2Pt2Cl6N2,0.268
Mn2Cl2S4Sb2,0.355
ZrH2O6P2,4.28
Cu2C6H8I2N2,0.838
Bi2S3,0.47
Ag2F2,0.555
Bi2Te2,0.332
Ga2Br2,2.125
Tl2Br2,2.413
Hg2Cl2,0.134
Cl2Sb2,0.436
Ge2S2,1.714
PbSe,1.532
SnSe,2.177
Zr2Se2,0.02
Zn2Te2,0.545
FeCl2,0.843
Cl2Ge,2.617
HfCl2,0.908
MgBr2,3.57
MnI2,1.224
HgI2,0.704
Ir4Se8,0.824
Pb2Se4,0.728
Re2I4,0.111
RuBr2,0.278
Ru2S4,0.725
SnI2,1.094
Fe2Cl6,0.013
VBr2,1.252
ZnF2,4.425
ZrO2,4.369
Ti2CO2,0.325
CaF2O2,2.825
Bi2OSe2,0.461
Ir2I6,0.024
Ag2WSe4,1.07
Cu2ReI6,0.18
Bi2Cl6,2.36
Rh2Br6,0.271
Ti2I6,0.209
Y2Cl6,5.113
CrMo3Se8,0.951
MoW3Se8,1.258
Hf3ZrSe8,0.844
Bi2Br2Se2,0.658
VBrI,1.188
TiClI,0.745
Ir2Cl2Se2,0.062
Ti4Cl4Se4,0.042
HfSSe,0.887
Ir2I2S2,0.215
Sn2I2N2,1.069
MoSTe,0.992
WSTe,1.141
Ag2Br2Se4,1.237
Cu2Br2Te4,0.873
Cd2P2S6,1.887
Ge2P2S6,1.406
Pd2P2S6,0.014
Sc2P2Se6,0.684
Hf2Ti2Se8,0.646
FeHfCl6,1.092
MnZrI6,1.052
Hf2Te10,0.159
Mg2Cl4,4.504
Nb3Cl8,0.206
Pt4I8,1.225
As4Ge4Se4,1.735
Bi2Ge3O9,3.364
Cd4I4O4,0.023
Cu2Sb2Se4,0.183
Ga2In2S6,1.981
Hg4Mo2O8,2.278
K2Cl2O6,5.441
Mo2Zn2O8,2.915
Na4As4O8,4.333
NiCl2O8,1.554
Pd4P4Se4,1.103
Sr2Cl4O8,2.726
Ag2V2P4S12,0.028
Cu2C2Cl2O2,2.508
FeMn2C6N6,1.836
Mn2H4O8S2,2.112
Hg4K2Cl6O6S2,3.268
Bi2,0.557
Bi2Se3,0.271
Ag2F2,0.498
Al2O2,1.315
GaAs,1.119
Bi2Cl2,0.894
Tl2Br2,3.06
Cd2Te2,0.633
Pb2Te2,0.05
Ge2Te4,0.032
Ga2S2,2.18
GeS,2.45
Hg2I2,1.277
MgCl2,5.941
InP,1.099
Ag2WTe4,0.587
Zr2Se2,0.059
CaH2O2,3.713
MgF2O2,2.967
Cd2Se4,1.363
Bi2OTe2,0.222
FeF2,0.135
Cl2Ge,2.955
HgI2,1.54
Mo2Se4,0.041
NiBr2,0.876
OsCl2,0.237
PbCl2,2.367
PbSe2,1.027
Re4Se8,1.115
RuBr2,1.045
HfSTe,0.038
SnI2,1.837
SnTe2,0.39
ZnH2O2,2.333
TiH2,0.016
TiSe2,0.878
WSe2,1.238
Sc2CH2O2,0.424
ZnI2,1.749
ZrO2,4.448
As2I6,1.911
Bi2F6,4.317
Hf2O6,3.47
Ir2I6,1.358
C6N2,0.396
Rh2Br6,1.344
Br6Sb2,2.333
Ti2O6,2.461
V2I6,0.014
Y2Cl6,4.42
CrMo3Te8,0.645
MoW3Te8,0.804
Hf3ZrTe8,0.142
BiCrAs,0.028
BiBrSe,1.02
HfBrCl,0.832
Ti2Br2N2,0.621
Mn2Cl2N2,0.176
CrSSe,0.782
MoSeTe,1.136
WSTe,0.202
Ag2Br2Te4,1.214
CF2Si,1.935
Cd2P2Se6,1.271
Ge2P2Se6,0.984
Hf2Ti2Te8,0.037
FeHfF6,1.221
NiZrBr6,1.301
As8Ge4,1.186
Ag2I2,1.768
Al2Mg2Se5,1.114
Au2CaF12,1.566
Bi2O9Si3,3.733
CrMoF6,0.313
Cu3O4P,1.29
AlP,2.26
Ga2Ge2Te2,0.674
Hg4W2O8,2.506
K2N2O6,3.166
Mg2P2S6,2.796
Mo2ZrO8,3.205
Hg2Pt4Se6,0.153
Sc2CCl2,0.883
Zn4Cl4O4,0.139
AgVP2Se6,0.35
SrCl2,5.738
Cu2C4H4O8,0.209
FeSn2C6N6,3.525
Mn2I2Sb2Se4,0.054
Ca2C2F2O6,0.839
K2Os2F10N2O2,0.858
Cd2Te2,0.845
In2Cl2,2.298
Bi2Te3,0.083
Pb2O2,0.192
Au2Se2,0.956
Pb2Cl2,0.42
Zr2Cl2,0.036
Cs2F2,4.151
W2O2,0.053
Ga2S2,2.321
Ge2Se2,1.121
HgO,0.302
Pb2Te2,0.434
Tl2I2,2.063
V2Se2,0.257
Si2Te2,0.388
Tl2Te2,0.294
CdBr2,3.069
F2Ge,1.599
HfSe2,1.688
HgI2,1.199
MgCl2,4.762
MnO2,1.132
NiS2,0.583
Os2Se4,0.144
PbCl2,1.941
PbSe2,0.295
RuCl2,0.463
ScH2,0.366
SnI2,1.926
SrBr2,4.313
Ti2I4,0.155
ZnI2,0.898
ZrBr2,0.828
ZrS2,0.965
CaH2S2,3.815
MgF2S2,2.514
OS2Sb2,0.595
Bi2S2Se,0.412
Ag2MoO4,2.085
Au2WO4,2.962
Ag2Br6,0.046
Cr2Br6,1.51
Hf2S6,1.157
Rh2Cl6,0.22
Ti2S6,0.295
Y2I6,2.756
CrW3S8,1.126
Ga2Br2O2,2.515
Hf3TiS8,1.01
Ti3ZrS8,0.849
BiBrSe,0.733
VClI,1.1
Sn2Cl2N2,1.406
Ti2I2N2,0.062
Tl2I2S2,0.253
TiSSe,0.505
ZrSTe,0.208
Ag2Cl2S4,1.186
CH2Si,3.781
Cd2P2Te6,0.809
Ge2P2Te6,0.819
Sn2P2S6,1.038
Zn2P2S6,2.086
Hf2Zr2S8,1.129
FeHfI6,0.781
NiZrCl6,1.598
As8Si4,1.422
Hg4I8,1.664
MgCl2,5.293
Rb2C4,0.476
Cu2O4S,2.053
Zn2Se2,2.042
Al2Si2Te6,1.115
Au4I4Te4,1.071
Bi2MnTe4,0.11
In2Si2Te6,0.682
Mg2P2Se6,2.049
Mo2Br4O4,1.424
PbSb2Te4,0.302
VBr2O,0.77
AgBiP2Se6,1.101
CdClHO,2.517
Cu2H4O10Se2,0.609
FeZn2C6N6,3.938
Li2PtH6O6,2.833
Mo2Zn2O12Te2,3.118
NiC2N2S2,0.646
K2Os2Br8N2O4,0.042
Ge2,0.025
Zr3F2N2O2,0.899
Hf3C2O2,0.42
Ag2I2,1.874
InAs,0.691
In2Cl2,1.552
Sn2Cl2,0.031
Cu2F2,0.032
Y2F2,0.031
Ga2Se2,1.765
Hf2S2,0.134
HgS,0.065
Tl2I2,2.399
In2S2,1.675
Pb2O2,0.242
Re2S2,0.237
Rh2Se2,0.101
Sc2S2,0.414
Sc2Se2,0.4
Tl2Te2,0.339
CdBr2,2.369
Cd2Te4,1.068
CrSe2,0.685
RuCl2,1.181
FeI2,0.065
GeI2,1.954
HfSe2,0.427
Hg2O4,0.235
In4Br8,1.643
MgI2,3.273
NiCl2,1.219
Ni2Se4,1.015
Os2Se4,0.567
PbF2,2.579
PbSe2,0.082
SnO2,2.101
SrBr2,4.929
Ta4O8,0.582
TiI2,0.596
TiSe2,0.522
ZnI2,2.431
Zr2Cl4,0.611
ZrS2,1.928
CdF2O2,1.573
MgH2O2,3.352
OSb2Se2,0.513
Bi2SeTe2,0.121
Ag2MoS4,0.94
Au2WS4,1.071
Bi2I6,1.102
Cr2Cl6,1.735
Hf2Se6,0.272
Pt2Cl6,0.027
Rh2Cl6,1.59
Y2I6,2.574
CrW3Se8,0.882
Hf3TiSe8,0.723
Ti3ZrSe8,0.579
AsBrS,1.387
BiBrTe,0.591
Ga2Br2S2,1.485
Sc2Br2O2,3.21
BrSbSe,1.069
Li2H2O2,3.935
HfSeTe,0.142
VSSe,0.013
Ag2Cl2Se4,1.34
Cu2Cl2Se4,0.829
Hf2P2S6,0.86
Nb2P2S6,0.508
Pt2P2S6,0.053
Sn2P2Se6,0.719
Zn2P2Se6,1.307
Hf2Zr2Se8,0.841
FeZrBr6,0.871
NiZrF6,0.409
As4O6,3.876
Bi8Rh4,0.014
In2Te5,1.08
O6Sb4,3.615
Ti4O8,1.893
Al2Tl2F8,2.255
Bi4Sr2O8,2.704
CoCl2O8,0.735
Cu2Ge2O6,0.086
Ge3O9Sb2,3.766
Mo2Ta2O11,2.566
PbWO4,2.722
CuInP2Se6,0.489
Pt2Ta4Se14,0.014
Sc2P2S8,1.896
VCl2O,0.806
Zr2Ge2Te8,0.522
AlLiP2S6,2.824
CdGaInS4,0.412
CdC4Cl2H4N2,2.176
LiC5H5N2O5,3.245
P4,0.903
Y3N2O2,0.245
Ag2O2,0.164
Al2S2,2.142
Au2Br2,0.486
Br2Sb2,0.444
Ca2I2,0.134
GeSe,2.218
Hg2Se2,0.084
In2S2,1.604
PbO,1.801
Sc2O2,0.7
Pb2Te2,0.271
Ti2S2,0.054
Sn2Te2,0.603
Zr2Te2,0.207
BaBr2,4.157
CaBr2,4.742
CdBr2,2.925
FeI2,0.144
Fe2Te4,0.282
GeI2,1.012
Hf2I4,0.627
HfSe2,0.812
VCl2,1.354
MgI2,2.566
MoSe2,1.321
VS2,0.028
Zr2CO2,0.95
CdH2O2,2.244
PbI2,1.293
Pb2Te4,0.115
PtBr2,0.152
Pt2S4,1.802
ZrS2,1.159
Y2CF2,1.117
SnO2,2.683
SrBr2,4.569
TiTe2,0.036
WO2,1.34
Zn2S4,1.693
MgH2S2,3.508
OSb2Te2,0.479
S2Sb2Se,0.599
Ag2MoSe4,0.695
Au2WSe4,0.76
BrSbSe,1.464
Ag2Cl6,0.267
Bi2I6,1.377
Cr2I6,0.891
Ga2Br6,1.35
Rh2I6,0.991
I6Sb2,1.826
CrW3Te8,0.543
Hf3TiTe8,0.08
Ti3ZrTe8,0.08
AsBrS,1.417
Rh2Br2S2,0.043
BiBrTe,0.529
Ga2Br2Se2,0.736
ZrBrI,0.774
Ga2Cl2O2,3.674
Ti2Cl2N2,0.62
Rh2Cl2O2,0.04
CrSTe,0.261
Li2H2S2,3.969
Sc2I2O2,1.812
Ag2Cl2Te4,1.291
Cu2Cl2Te4,0.853
Ag2P2Se6,0.037
Hf2P2Se6,0.469
Pt2P2Se6,0.414
Sn2P2Te6,0.431
Zn2P2Te6,0.591
Hf2Zr2Te8,0.166
FeZrCl6,1.048
NiZrI6,0.851
As4O6,4.256
C6N8,1.265
In2Se3,0.435
O8Te4,2.667
Ru2F8,0.628
V2F8,0.597
Al2FeS4,0.663
B3C10N3,0.811
Ca2Br2H2,4.194
Co4Br4O4,0.176
Cu2I4O12,0.735
Au2Te2,0.037
H4O12Te4,2.579
In2ZnS4,0.019
MgB2H8,6.082
Bi2I2,0.776
Pt4Tl2S6,1.253
Sc2O13Te5,3.167
Ta2I4O2,0.861
As2H2O10Te2,3.389
CdPb2Cl2O2,2.869
Cu2PtC6N8,1.623
Ga2F4H10N4,2.656
Na2H8I2O4,3.591
CoC4Cl2H4N2,0.316
MgNa2H4O8S2,4.454
Sb2,0.983
Zr3N2O2,0.401
Al2S2,2.085
Au2Br2,0.367
Pt2Cl2,1.308
Cu2I2,1.865
Ga2Se2,1.644
Ge2Te2,0.815
HgSe,0.117
V2I2,0.025
Ir2S2,0.041
BaBr2,4.902
Pb2Te2,0.445
Pt2S2,0.031
S2Si2,1.417
Tl2S2,0.673
Zn2S2,2.557
Sn2Te2,0.028
V2Te2,0.226
Zr2Te2,0.452
CaBr2,4.863
CdCl2,3.868
CrO2,0.416
FeI2,0.687
GeO2,3.006
HfI2,0.63
MnBr2,1.477
MoO2,0.912
OsI2,1.1
PbI2,1.499
PdO2,1.379
Rh4Se8,0.583
Ru2Se4,0.779
ScI2,0.106
S2Si,1.383
SnO2,0.665
TiTe2,0.374
YI2,0.142
CdH2S2,2.261
MnH2O2,0.249
Ag2MoTe4,0.313
OsH2O2,0.829
Sb2SeTe2,0.4
Au2WTe4,0.323
Ga2Br6,2.594
In2Br6,2.745
Tl2Br6,1.661
HfTi3S8,0.858
TiZr3S8,0.997
PbF4,2.704
Al2Br2O2,4.142
AsBrSe,1.497
Bi2I2O2,1.074
Br2Ge2N2,1.5
Zr2Br2N2,1.816
BrSbTe,1.052
Ga2Cl2S2,1.417
Na2H2O2,3.504
WSSe,1.402
Ag2I2S4,1.188
Co2F2O4,0.467
Zr2P2S6,0.759
Mo2W2S8,1.532
FeZrF6,1.206
As4O6,3.791
Mo2O6,2.067
O10P4,4.995
S8Si4,3.428
V4O10,1.564
Al2MgS4,2.048
Ba2H8O6,4.228
CoRe2O8,0.516
CuLi2O2,0.323
In4Br4Te4,2.024
Li2V4O10,0.309
Nb2Br4S4,1.556
Pd2N4O12,1.431
Pt4Tl2Se6,1.132
Ta3I7Se,0.665
W2Cl4O4,2.187
Zr2Br2N2,1.618
As4H2O12P2,4.556
Cd2H4O8Se2,4.104
Cu2As4Cl2S3,1.198
Ga2H2O8Se2,4.295
Li2H4N2O6,2.637
CoC4H8N2O4,0.393
MnNa2F3O7P2,0.035
Sb4,0.18
Ag2S2,0.962
AlSb,1.507
Au2Cl2,0.019
Au2Te2,0.618
Bi2O2,0.12
Hg2Br2,0.193
Pb2Br2,0.438
Cs2Cl2,4.46
K2Cl2,4.882
PbTe,0.93
Cu2I2,1.787
SnTe,1.582
Ga2Te2,1.269
Hg2Te2,0.084
V2Te2,0.224
Zr2Te2,0.055
I2Sb2,0.039
InSb,0.475
Ir2S2,0.297
SnO,1.706
BaBr2,4.559
CaBr2,4.128
CdCl2,3.098
CoBr2,0.348
GeO2,3.641
HfTe2,0.988
Ir4Te8,0.551
MnBr2,1.588
Pd2S4,1.12
Se2Si,0.467
SnS2,1.438
SrCl2,4.944
NiSe2,0.06
PbI2,1.577
PtS2,1.688
Re4O8,1.304
Re4Te8,0.817
WTe2,0.727
Ru2Se4,0.103
TaO2,0.554
Zn2Se4,1.382
ZrCl2,0.981
Hf2CO2,0.938
PbH2O2,1.567
SnH2O2,0.893
Y2CH2O2,0.456
Au2MoO4,2.64
Cu2WO4,2.908
Au2Br6,0.082
Ga2Cl6,3.83
In2Br6,2.011
Mn2Br6,0.023
Tl2Br6,1.092
W2Br6,0.199
HfTi3Se8,0.587
TiZr3Se8,0.706
SnF4,4.082
Al2Br2S2,2.263
AsBrSe,1.228
Bi2Cl2O2,1.733
Bi2I2S2,0.837
BrSbTe,1.319
Ga2Cl2Se2,0.606
Sc2Cl2O2,4.243
CrSeTe,0.572
Na2H2S2,3.56
Zr2I2N2,1.104
ISbSe,1.007
TiSeTe,0.065
Ag2I2Se4,1.054
Co2H2O4,0.391
Al2P2S6,1.305
Hg2P2S6,1.02
Ni2P2S6,0.028
Ta2P2Se6,0.294
Zr2P2Se6,0.394
Mo2W2Se8,1.27
FeZrI6,0.661
